Diagnosis,LogsheetType,LogsheetTab,Column,Row,Value,ExtendedDiagnosis,FilePath,DataType,Requirement
source_mat_id error,water,sampling,source_mat_id,1,EMOBON_IUIEilat_Wa_1,source_mat_id should match ^EMOBON_IUIEilat_Wa_210829_3um_1$,/github/workspace/logsheets/filtered/water_sampling.csv,XSDString,mandatory
source_mat_id error,water,sampling,source_mat_id,2,EMOBON_IUIEilat_Wa_2,source_mat_id should match ^EMOBON_IUIEilat_Wa_210829_3um_2$,/github/workspace/logsheets/filtered/water_sampling.csv,XSDString,mandatory
source_mat_id error,water,sampling,source_mat_id,3,EMOBON_IUIEilat_Wa_3,source_mat_id should match ^EMOBON_IUIEilat_Wa_210829_3um_3$,/github/workspace/logsheets/filtered/water_sampling.csv,XSDString,mandatory
source_mat_id error,water,sampling,source_mat_id,4,EMOBON_IUIEilat_Wa_4,source_mat_id should match ^EMOBON_IUIEilat_Wa_210829_3um_4$,/github/workspace/logsheets/filtered/water_sampling.csv,XSDString,mandatory
source_mat_id error,water,sampling,source_mat_id,5,EMOBON_IUIEilat_Wa_5,source_mat_id should match ^EMOBON_IUIEilat_Wa_210829_200um_1$,/github/workspace/logsheets/filtered/water_sampling.csv,XSDString,mandatory
source_mat_id error,water,sampling,source_mat_id,6,EMOBON_IUIEilat_Wa_6,source_mat_id should match ^EMOBON_IUIEilat_Wa_210829_200um_2$,/github/workspace/logsheets/filtered/water_sampling.csv,XSDString,mandatory
source_mat_id error,water,sampling,source_mat_id,7,EMOBON_IUIEilat_Wa_7,source_mat_id should match ^EMOBON_IUIEilat_Wa_210829_200um_3$,/github/workspace/logsheets/filtered/water_sampling.csv,XSDString,mandatory
source_mat_id error,water,sampling,source_mat_id,8,EMOBON_IUIEilat_Wa_8,source_mat_id should match ^EMOBON_IUIEilat_Wa_210829_200um_4$,/github/workspace/logsheets/filtered/water_sampling.csv,XSDString,mandatory
source_mat_id error,water,sampling,source_mat_id,9,EMOBON_IUIEilat_Wa_9,source_mat_id should match ^EMOBON_IUIEilat_Wa_210829_3um_blank_1$,/github/workspace/logsheets/filtered/water_sampling.csv,XSDString,mandatory
source_mat_id error,water,sampling,source_mat_id,10,EMOBON_IUIEilat_Wa_10,source_mat_id should match ^EMOBON_IUIEilat_Wa_210829_200um_blank_1$,/github/workspace/logsheets/filtered/water_sampling.csv,XSDString,mandatory
source_mat_id error,water,sampling,source_mat_id,11,EMOBON_IUIEilat_Wa_11,source_mat_id should match ^EMOBON_IUIEilat_Wa_211018_3um_1$,/github/workspace/logsheets/filtered/water_sampling.csv,XSDString,mandatory
source_mat_id error,water,sampling,source_mat_id,12,EMOBON_IUIEilat_Wa_12,source_mat_id should match ^EMOBON_IUIEilat_Wa_211018_3um_2$,/github/workspace/logsheets/filtered/water_sampling.csv,XSDString,mandatory
source_mat_id error,water,sampling,source_mat_id,13,EMOBON_IUIEilat_Wa_13,source_mat_id should match ^EMOBON_IUIEilat_Wa_211018_3um_3$,/github/workspace/logsheets/filtered/water_sampling.csv,XSDString,mandatory
source_mat_id error,water,sampling,source_mat_id,14,EMOBON_IUIEilat_Wa_14,source_mat_id should match ^EMOBON_IUIEilat_Wa_211018_3um_4$,/github/workspace/logsheets/filtered/water_sampling.csv,XSDString,mandatory
source_mat_id error,water,sampling,source_mat_id,15,EMOBON_IUIEilat_Wa_15,source_mat_id should match ^EMOBON_IUIEilat_Wa_211018_200um_1$,/github/workspace/logsheets/filtered/water_sampling.csv,XSDString,mandatory
source_mat_id error,water,sampling,source_mat_id,16,EMOBON_IUIEilat_Wa_16,source_mat_id should match ^EMOBON_IUIEilat_Wa_211018_200um_2$,/github/workspace/logsheets/filtered/water_sampling.csv,XSDString,mandatory
source_mat_id error,water,sampling,source_mat_id,17,EMOBON_IUIEilat_Wa_17,source_mat_id should match ^EMOBON_IUIEilat_Wa_211018_200um_3$,/github/workspace/logsheets/filtered/water_sampling.csv,XSDString,mandatory
source_mat_id error,water,sampling,source_mat_id,18,EMOBON_IUIEilat_Wa_18,source_mat_id should match ^EMOBON_IUIEilat_Wa_211018_200um_4$,/github/workspace/logsheets/filtered/water_sampling.csv,XSDString,mandatory
source_mat_id error,water,sampling,source_mat_id,19,EMOBON_IUIEilat_Wa_19,source_mat_id should match ^EMOBON_IUIEilat_Wa_211018_3um_blank_1$,/github/workspace/logsheets/filtered/water_sampling.csv,XSDString,mandatory
source_mat_id error,water,sampling,source_mat_id,20,EMOBON_IUIEilat_Wa_20,source_mat_id should match ^EMOBON_IUIEilat_Wa_211018_200um_blank_1$,/github/workspace/logsheets/filtered/water_sampling.csv,XSDString,mandatory
source_mat_id error,water,sampling,source_mat_id,21,EMOBON_IUIEilat_Wa_21,source_mat_id should match ^EMOBON_IUIEilat_Wa_211219_3um_1$,/github/workspace/logsheets/filtered/water_sampling.csv,XSDString,mandatory
source_mat_id error,water,sampling,source_mat_id,22,EMOBON_IUIEilat_Wa_22,source_mat_id should match ^EMOBON_IUIEilat_Wa_211219_3um_2$,/github/workspace/logsheets/filtered/water_sampling.csv,XSDString,mandatory
source_mat_id error,water,sampling,source_mat_id,23,EMOBON_IUIEilat_Wa_23,source_mat_id should match ^EMOBON_IUIEilat_Wa_211219_3um_3$,/github/workspace/logsheets/filtered/water_sampling.csv,XSDString,mandatory
source_mat_id error,water,sampling,source_mat_id,24,EMOBON_IUIEilat_Wa_24,source_mat_id should match ^EMOBON_IUIEilat_Wa_211219_3um_4$,/github/workspace/logsheets/filtered/water_sampling.csv,XSDString,mandatory
source_mat_id error,water,sampling,source_mat_id,25,EMOBON_IUIEilat_Wa_25,source_mat_id should match ^EMOBON_IUIEilat_Wa_211219_200um_1$,/github/workspace/logsheets/filtered/water_sampling.csv,XSDString,mandatory
source_mat_id error,water,sampling,source_mat_id,26,EMOBON_IUIEilat_Wa_26,source_mat_id should match ^EMOBON_IUIEilat_Wa_211219_200um_2$,/github/workspace/logsheets/filtered/water_sampling.csv,XSDString,mandatory
source_mat_id error,water,sampling,source_mat_id,27,EMOBON_IUIEilat_Wa_27,source_mat_id should match ^EMOBON_IUIEilat_Wa_211219_200um_3$,/github/workspace/logsheets/filtered/water_sampling.csv,XSDString,mandatory
source_mat_id error,water,sampling,source_mat_id,28,EMOBON_IUIEilat_Wa_28,source_mat_id should match ^EMOBON_IUIEilat_Wa_211219_200um_4$,/github/workspace/logsheets/filtered/water_sampling.csv,XSDString,mandatory
source_mat_id error,water,sampling,source_mat_id,29,EMOBON_IUIEilat_Wa_29,source_mat_id should match ^EMOBON_IUIEilat_Wa_211219_3um_blank_1$,/github/workspace/logsheets/filtered/water_sampling.csv,XSDString,mandatory
source_mat_id error,water,sampling,source_mat_id,30,EMOBON_IUIEilat_Wa_30,source_mat_id should match ^EMOBON_IUIEilat_Wa_211219_200um_blank_1$,/github/workspace/logsheets/filtered/water_sampling.csv,XSDString,mandatory
missing value,water,observatory,organization_edmoid,1,<empty>,\,/github/workspace/logsheets/filtered/water_observatory.csv,EMOBONList,mandatory
